-- ============================================================
-- Auto-generated: 2026-02-22 21:55:09
-- Source: D:\Pet Is My Family\pet_is_my_family\enriched_diseases.json
-- Total diseases: 6
-- ============================================================

-- Tạm thời disable trigger để insert nhanh hơn
SET session_replication_role = replica;

INSERT INTO actionable (id, type) VALUES (10000, 'Result') ON CONFLICT DO NOTHING;
INSERT INTO response (id, action_id) VALUES (10000, 10000) ON CONFLICT DO NOTHING;
INSERT INTO result (response_id, risk_category_id, problem_text, first_aid_text, disease_name, name_vi, medications_text, nutrition_text, nutrition_advice, images_json) VALUES (10000, 2, '', '', 'Acute Abdomen', 'Acute Abdomen', '', '', '{"summary_vi": "Chế độ ăn nhẹ, dễ tiêu, giàu chất dinh dưỡng để hỗ trợ cơ thể. Tránh thức ăn có thể gây kích ứng dạ dày.", "should_eat": ["Thức ăn hạt giàu protein (cá, gà) và ít chất béo (< 12%)", "Hạt chứa taurine giúp bảo vệ gan", "Thức ăn ẩm (pate) để dễ nuốt và hấp thu tốt hơn", "Tránh thức ăn khô dày hoặc nhiều chất xơ"], "avoid": ["Tránh hạt có ngũ cốc dễ gây kích ứng dạ dày", "Tránh thức ăn có chất bảo quản BHA/BHT", "Tránh thức ăn quá nhiều natri (muối)", "Tránh thức ăn chứa chất tạo màu, phụ gia"], "key_nutrients": ["Protein chất lượng cao: duy trì chức năng gan và cơ bắp", "Taurine: bảo vệ gan và hỗ trợ tiêu hóa", "Chất xơ thấp: tránh gây kích ứng dạ dày", "Omega-3 (EPA + DHA): giảm viêm"], "product_suggestion_vi": "Nên chọn hạt dành riêng cho chó trưởng thành, công thức ''Gastrointestinal Support'' hoặc ''Senior'', thành phần đầu là cá hồi hoặc gà. Ví dụ: Hill''s Prescription Diet i/d, Royal Canin Gastro Intestinal."}'::jsonb, NULL) ON CONFLICT DO NOTHING;

INSERT INTO actionable (id, type) VALUES (10001, 'Result') ON CONFLICT DO NOTHING;
INSERT INTO response (id, action_id) VALUES (10001, 10001) ON CONFLICT DO NOTHING;
INSERT INTO result (response_id, risk_category_id, problem_text, first_aid_text, disease_name, name_vi, medications_text, nutrition_text, nutrition_advice, images_json) VALUES (10001, 2, '', '', 'Acute Diarrhea', 'Acute Diarrhea', '', '', '{"summary_vi": "Chế độ ăn nhẹ, dễ tiêu, ít chất béo. Tránh thức ăn có thể gây kích ứng đường ruột.", "should_eat": ["Thức ăn hạt cao chất lượng, ít chất béo (<12%)", "Hạt chứa prebiotics và probiotics hỗ trợ vi khuẩn đường ruột lành mạnh", "Thức ăn ẩm (pate) để giảm kích ứng và dễ tiêu hóa", "Tránh thức ăn có nhiều FODMAPs nếu bệnh nhân nhạy cảm"], "avoid": ["Tránh hạt có chứa ngũ cốc (ngô, lúa mì) dễ gây dị ứng", "Tránh thức ăn có chất bảo quản BHA/BHT", "Tránh thức ăn quá nhiều chất xơ", "Tránh thức ăn khô dày nếu đang tiêu chảy nặng"], "key_nutrients": ["Prebiotics và probiotics: hỗ trợ đường ruột lành mạnh", "Chất xơ hòa tan thấp: giảm kích ứng", "Protein chất lượng cao (cá, gà): duy trì sức khỏe tổng thể", "Omega-3 (EPA + DHA): giảm viêm"], "product_suggestion_vi": "Nên chọn hạt dành riêng cho chó trưởng thành, công thức ''Sensitive Stomach'' hoặc ''Low Fat'', thành phần đầu là cá hoặc gà. Ví dụ: Hill''s Science Diet k/d, Royal Canin Gastro Intestinal."}'::jsonb, NULL) ON CONFLICT DO NOTHING;

INSERT INTO actionable (id, type) VALUES (10002, 'Result') ON CONFLICT DO NOTHING;
INSERT INTO response (id, action_id) VALUES (10002, 10002) ON CONFLICT DO NOTHING;
INSERT INTO result (response_id, risk_category_id, problem_text, first_aid_text, disease_name, name_vi, medications_text, nutrition_text, nutrition_advice, images_json) VALUES (10002, 2, '', '', 'Acute Kidney Injury', 'Acute Kidney Injury', '', '', '{"summary_vi": "Giảm muối, giảm protein và chất béo. Tăng lượng nước. Tránh thức ăn có thể gây độc thận.", "should_eat": ["Thức ăn hạt chứa ít protein (<20%)", "Thức ăn hạt chứa ít chất béo (<15%)", "Nước uống nhiều hơn, giảm thức ăn khô", "Thức ăn ẩm (pate) để tăng hấp thu"], "avoid": ["Tránh thức ăn có hàm lượng muối cao (>0.2%)", "Tránh thức ăn chứa protein động vật quá cao", "Tránh thức ăn hạt chứa ngũ cốc dễ gây dị ứng", "Tránh thức ăn có chất bảo quản BHA/BHT"], "key_nutrients": ["Protein thấp: giảm gánh nặng cho thận", "Chất béo thấp: giảm gánh nặng cho thận và giảm viêm", "Nước: duy trì cân bằng nước", "Vitamin E: hỗ trợ hệ miễn dịch"], "product_suggestion_vi": "Nên chọn hạt dành riêng cho chó trưởng thành hoặc bệnh lý, công thức ''Renal Support'' hoặc ''Low Protein''. Thành phần đầu là cá hoặc gà. Ví dụ: Hill''s k/d, Royal Canin Renal."}'::jsonb, NULL) ON CONFLICT DO NOTHING;

INSERT INTO actionable (id, type) VALUES (10003, 'Result') ON CONFLICT DO NOTHING;
INSERT INTO response (id, action_id) VALUES (10003, 10003) ON CONFLICT DO NOTHING;
INSERT INTO result (response_id, risk_category_id, problem_text, first_aid_text, disease_name, name_vi, medications_text, nutrition_text, nutrition_advice, images_json) VALUES (10003, 2, '', '', 'Acute Respiratory Distress Syndrome', 'Acute Respiratory Distress Syndrome', '', '', '{"summary_vi": "Chế độ ăn giàu chất dinh dưỡng, dễ tiêu hóa và không gây stress cho phổi. Tránh thức ăn có thể làm tăng áp lực trong phổi.", "should_eat": ["Thức ăn hạt cao chất lượng, ít chất béo (< 12%)", "Hạt chứa Omega-3 (EPA/DHA) giúp giảm viêm và hỗ trợ chức năng phổi", "Thức ăn có thêm vitamin E và C tăng cường hệ miễn dịch", "Thức ăn ẩm (pate) để dễ nuốt và duy trì nước trong cơ thể"], "avoid": ["Tránh hạt có chứa ngũ cốc (ngô, lúa mì) dễ gây dị ứng", "Tránh thức ăn có chất bảo quản BHA/BHT", "Không cho ăn thức ăn khô dày nếu đang khó thở", "Tránh thực phẩm quá nhiều natri (muối)"], "key_nutrients": ["Omega-3 (EPA + DHA): giảm viêm và hỗ trợ chức năng phổi", "Vitamin E: tăng cường hệ miễn dịch và bảo vệ tế bào", "Taurine: hỗ trợ tim và phổi ở mèo", "Protein chất lượng cao (cá, gà): duy trì cơ bắp"], "product_suggestion_vi": "Nên chọn hạt dành riêng cho chó trưởng thành hoặc bệnh lý hô hấp, công thức ''Respiratory Support'' hoặc ''Heart & Circulation'', thành phần đầu là cá hồi hoặc gà. Ví dụ: Royal Canin Respiratory Care, Hill''s Prescription Diet i/d."}'::jsonb, NULL) ON CONFLICT DO NOTHING;

INSERT INTO actionable (id, type) VALUES (10004, 'Result') ON CONFLICT DO NOTHING;
INSERT INTO response (id, action_id) VALUES (10004, 10004) ON CONFLICT DO NOTHING;
INSERT INTO result (response_id, risk_category_id, problem_text, first_aid_text, disease_name, name_vi, medications_text, nutrition_text, nutrition_advice, images_json) VALUES (10004, 2, '', '', 'Acute Vomiting', 'Acute Vomiting', '', '', '{"summary_vi": "Chế độ ăn nhẹ, dễ tiêu. Tránh thức ăn có thể gây kích thích dạ dày và đường ruột.", "should_eat": ["Thức ăn hạt giàu đạm (cá, gà) nhưng ít chất béo (< 12%)", "Hạt chứa Glucosamine và Chondroitin giúp giảm viêm niêm mạc dạ dày", "Thức ăn có thêm Vitamin C tăng cường hệ miễn dịch", "Thức ăn dạng pate hoặc semi-moist để dễ nuốt khi đang nôn"], "avoid": ["Tránh thức ăn khô dày và nhiều chất béo", "Tránh ngũ cốc (ngô, lúa mì) có thể gây kích thích dạ dày", "Tránh thức ăn có BHA/BHT hoặc phụ gia hóa học", "Tránh thức ăn quá nhiều natri"], "key_nutrients": ["Glucosamine và Chondroitin: giảm viêm niêm mạc dạ dày", "Vitamin C: tăng cường hệ miễn dịch", "Protein chất lượng cao (cá, gà): duy trì cơ bắp", "Dầu cá giàu Omega-3: chống viêm"], "product_suggestion_vi": "Nên chọn hạt dành riêng cho chó trưởng thành, công thức ''Sensitive Stomach'' hoặc ''Gastrointestinal Support'', thành phần đầu là cá hoặc gà. Ví dụ: Hill''s Science Diet Gastrointestinal, Royal Canin Gastro Intestinal."}'::jsonb, NULL) ON CONFLICT DO NOTHING;

INSERT INTO actionable (id, type) VALUES (10005, 'Result') ON CONFLICT DO NOTHING;
INSERT INTO response (id, action_id) VALUES (10005, 10005) ON CONFLICT DO NOTHING;
INSERT INTO result (response_id, risk_category_id, problem_text, first_aid_text, disease_name, name_vi, medications_text, nutrition_text, nutrition_advice, images_json) VALUES (10005, 1, 'Ung thư tuyến nang hậu môn là một loại ung thư phổ biến ở chó, đặc biệt là ở giống chó Cocker Spaniel. Triệu chứng bao gồm khối u gần hậu môn, tăng canxi máu, đi ngoài khó và cọ sát hậu môn.', '', 'Adenocarcinoma, Anal Sac', 'Ung thư tuyến nang hậu môn', '', '', '{"summary_vi": "Chế độ ăn cân bằng, giàu protein và chất xơ. Tránh thức ăn quá nhiều natri và chất bảo quản.", "should_eat": ["Thức ăn hạt cao chất lượng với protein từ cá hoặc gà", "Thành phần chứa taurine và glucosamine hỗ trợ hệ thống tiêu hóa", "Chất xơ hòa tan giúp giảm triệu chứng đau hậu phẫu", "Nước uống dồi dào để ngăn ngừa hyposthenuria"], "avoid": ["Tránh thức ăn quá nhiều natri (muối)", "Tránh chất bảo quản như BHA/BHT", "Tránh ngũ cốc dễ gây dị ứng", "Tránh thức ăn khô dày nếu đang phẫu thuật"], "key_nutrients": ["Protein chất lượng cao từ cá/gà: duy trì cơ bắp và hệ miễn dịch", "Taurine: hỗ trợ tim và mắt ở chó", "Glucosamine: cải thiện chức năng apocrine glands", "Chất xơ hòa tan (psyllium): giảm triệu chứng đau hậu phẫu"], "product_suggestion_vi": "Nên chọn hạt dành riêng cho chó trưởng thành, công thức ''Digestive Support'' hoặc ''Senior''. Ví dụ: Royal Canin Senior, Hill''s Science Diet Adult Digestive Care."}'::jsonb, NULL) ON CONFLICT DO NOTHING;

-- ── Symptom groups (one per species, vào bệnh đầu tiên) ──
INSERT INTO symptom (id, animal_id, description, initial_action_id) VALUES (5000, 1, 'Tất cả triệu chứng bệnh (Chó)', 10000) ON CONFLICT DO NOTHING;

-- Re-enable triggers
SET session_replication_role = DEFAULT;

-- Hoàn tất: 6 bệnh đã được import